<?xml version="1.0" encoding="UTF-8"?>
<PermissionSet xmlns="http://soap.sforce.com/2006/04/metadata">
    <classAccesses>
        <apexClass>GoogleRecaptchaHandler</apexClass>
        <enabled>true</enabled>
    </classAccesses>
    <classAccesses>
        <apexClass>GoogleRecaptchaHandlerTest</apexClass>
        <enabled>true</enabled>
    </classAccesses>
    <description>Gives access to the GoogleRecaptchaHandler and GoogleRecaptchaHandlerTest class.</description>
    <hasActivationRequired>false</hasActivationRequired>
    <label>Google Recaptcha Flow Component</label>
</PermissionSet>
